[
  { "name": "Atlanta United", "short": "ATL", "slug": "atlanta", "logo": "/team-logos/atlanta.png" },
  { "name": "Austin FC", "short": "ATX", "slug": "austin", "logo": "/team-logos/austin.png" },
  { "name": "Charlotte FC", "short": "CLT", "slug": "charlotte", "logo": "/team-logos/charlotte.png" },
  { "name": "Chicago Fire", "short": "CHI", "slug": "chicago", "logo": "/team-logos/chicago.png" },
  { "name": "FC Cincinnati", "short": "CIN", "slug": "cincinnati", "logo": "/team-logos/cincinnati.png" },
  { "name": "Colorado Rapids", "short": "COL", "slug": "colorado", "logo": "/team-logos/colorado.png" },
  { "name": "Columbus Crew", "short": "CLB", "slug": "columbus", "logo": "/team-logos/columbus.png" },
  { "name": "D.C. United", "short": "DC", "slug": "dcunited", "logo": "/team-logos/dcunited.png" },
  { "name": "FC Dallas", "short": "DAL", "slug": "dallas", "logo": "/team-logos/dallas.png" },
  { "name": "Houston Dynamo", "short": "HOU", "slug": "houston", "logo": "/team-logos/houston.png" },
  { "name": "Inter Miami", "short": "MIA", "slug": "miami", "logo": "/team-logos/miami.png" },
  { "name": "LA Galaxy", "short": "LAG", "slug": "lagalaxy", "logo": "/team-logos/lagalaxy.png" },
  { "name": "LAFC", "short": "LAFC", "slug": "lafc", "logo": "/team-logos/lafc.png" },
  { "name": "Minnesota United", "short": "MIN", "slug": "minnesota", "logo": "/team-logos/minnesota.png" },
  { "name": "CF Montréal", "short": "MTL", "slug": "montreal", "logo": "/team-logos/montreal.png" },
  { "name": "Nashville SC", "short": "NSH", "slug": "nashville", "logo": "/team-logos/nashville.png" },
  { "name": "New England Revolution", "short": "NE", "slug": "newengland", "logo": "/team-logos/newengland.png" },
  { "name": "New York City FC", "short": "NYC", "slug": "nycfc", "logo": "/team-logos/nycfc.png" },
  { "name": "New York Red Bulls", "short": "RBNY", "slug": "redbulls", "logo": "/team-logos/redbulls.png" },
  { "name": "Orlando City", "short": "ORL", "slug": "orlando", "logo": "/team-logos/orlando.png" },
  { "name": "Philadelphia Union", "short": "PHI", "slug": "philadelphia", "logo": "/team-logos/philadelphia.png" },
  { "name": "Portland Timbers", "short": "POR", "slug": "portland", "logo": "/team-logos/portland.png" },
  { "name": "Real Salt Lake", "short": "RSL", "slug": "rsl", "logo": "/team-logos/rsl.png" },
  { "name": "San Diego FC", "short": "SD", "slug": "sandiego", "logo": "/team-logos/sandiego.png" },
  { "name": "San Jose Earthquakes", "short": "SJ", "slug": "sanjose", "logo": "/team-logos/sanjose.png" },
  { "name": "Seattle Sounders", "short": "SEA", "slug": "seattle", "logo": "/team-logos/seattle.png" },
  { "name": "Sporting Kansas City", "short": "SKC", "slug": "skc", "logo": "/team-logos/skc.png" },
  { "name": "St. Louis City SC", "short": "STL", "slug": "stlouis", "logo": "/team-logos/stlouis.png" },
  { "name": "Toronto FC", "short": "TOR", "slug": "toronto", "logo": "/team-logos/toronto.png" },
  { "name": "Vancouver Whitecaps", "short": "VAN", "slug": "vancouver", "logo": "/team-logos/vancouver.png" }
]
